{
  "project_info": {
    "project_number": "632167778656",
    "firebase_url": "https://onlinebookshop-296eb.firebaseio.com",
    "project_id": "onlinebookshop-296eb",
    "storage_bucket": "onlinebookshop-296eb.appspot.com"
  },
  "client": [
    {
      "client_info": {
        "mobilesdk_app_id": "1:632167778656:android:f6933b5ea28335dd2c3605",
        "android_client_info": {
          "package_name": "com.example.sraboni.onlinebookshop"
        }
      },
      "oauth_client": [
        {
          "client_id": "632167778656-7q7n5b1624r4nn7dbu5dq38u32b6a5sq.apps.googleusercontent.com",
          "client_type": 1,
          "android_info": {
            "package_name": "com.example.sraboni.onlinebookshop",
            "certificate_hash": "0e5d360e502d073c21b6d506c1cac9f27071e8fe"
          }
        },
        {
          "client_id": "632167778656-bq28nld4cq7dqtdqughd0pqcq6c0mphc.apps.googleusercontent.com",
          "client_type": 3
        }
      ],
      "api_key": [
        {
          "current_key": "AIzaSyBdkQ9Y_OtcAGi5FnwEZy4yV3A-_JZQvv8"
        }
      ],
      "services": {
        "appinvite_service": {
          "other_platform_oauth_client": [
            {
              "client_id": "632167778656-bq28nld4cq7dqtdqughd0pqcq6c0mphc.apps.googleusercontent.com",
              "client_type": 3
            }
          ]
        }
      }
    }
  ],
  "configuration_version": "1"
}